ID,Name,Parameter,Language,Frequency,Confidence,References
abi,Both the A and P arguments,Verbal Person Marking,Abipón,,,Najlis 1966
abk,Both the A and P arguments,Verbal Person Marking,Abkhaz,,,Hewitt 1979
abu,No person marking,Verbal Person Marking,Abun,,,Berry and Berry 1999
ace,Both the A and P arguments,Verbal Person Marking,Acehnese,,,Durie 1985
acm,Both the A and P arguments,Verbal Person Marking,Achumawi,,,de Angulo and Freeland 1931
aco,Both the A and P arguments,Verbal Person Marking,Acoma,,,Miller 1965
adz,No person marking,Verbal Person Marking,Adzera,,,Holzknecht 1986
ain,Both the A and P arguments,Verbal Person Marking,Ainu,,,Shibatani 1990
ala,Both the A and P arguments,Verbal Person Marking,Alamblak,,,Bruce 1984
alb,Both the A and P arguments,Verbal Person Marking,Albanian,,,Camaj 1984
ame,Both the A and P arguments,Verbal Person Marking,Amele,,,Roberts 1987
amh,Both the A and P arguments,Verbal Person Marking,Amharic,,,Hudson 1997
amu,Both the A and P arguments,Verbal Person Marking,Amuesha,,,Wise 1986
anj,Only the P argument,Verbal Person Marking,Anejom,,,Lynch 1982a
ane,Both the A and P arguments,Verbal Person Marking,Anêm,,,Thurston 1982
ani,Only the P argument,Verbal Person Marking,//Ani,,,Heine 1999a
apu,Both the A and P arguments,Verbal Person Marking,Apurinã,,,Facundes 2000
abn,No person marking,Verbal Person Marking,Arabana,,,Hercus 1994
aeg,Both the A and P arguments,Verbal Person Marking,Arabic (Egyptian),,,Gary and Gamal-Eldin 1982
ana,No person marking,Verbal Person Marking,Araona,,,Pitman 1980
arp,Both the A and P arguments,Verbal Person Marking,Arapesh (Mountain),,,Conrad and Wogiga 1991
ara,Both the A and P arguments,Verbal Person Marking,Arawak,,,Pet 1987
arm,Only the A argument,Verbal Person Marking,Armenian (Eastern),,,Kozintseva 1999
asm,Both the A and P arguments,Verbal Person Marking,Asmat,,,Voorhoeve 1965
atk,Both the A and P arguments,Verbal Person Marking,Atakapa,,,Swanton 1929
ata,Only the A argument,Verbal Person Marking,Atayal,,,Rau 1992
au,Both the A and P arguments,Verbal Person Marking,Au,,,Scorza 1985
awp,A or P argument,Verbal Person Marking,Awa Pit,,,Curnow 1997
awt,No person marking,Verbal Person Marking,Awtuw,,,Feldman 1986
aym,Both the A and P arguments,Verbal Person Marking,Aymara (Central),,,Hardman de Bautista et al. 1988
bab,No person marking,Verbal Person Marking,Babungo,,,Schaub 1985
bag,Both the A and P arguments,Verbal Person Marking,Bagirmi,,,Stevenson 1969
bam,No person marking,Verbal Person Marking,Bambara,,,Bird and Kante 1976
bnj,No person marking,Verbal Person Marking,Bandjalang,,,Crowley 1978
baa,Both the A and P arguments,Verbal Person Marking,Barai,,,Olson 1975
brs,Only the A argument,Verbal Person Marking,Barasano,,,Jones and Jones 1991
bar,No person marking,Verbal Person Marking,Bari,,,Spagnolo 1933
bsq,Both the A and P arguments,Verbal Person Marking,Basque,,,Saltarelli et al. 1988
bkr,Only the P argument,Verbal Person Marking,Batak (Karo),,,Woollams 1996
baw,Both the A and P arguments,Verbal Person Marking,Bawm,,,Reichle 1981
bej,Both the A and P arguments,Verbal Person Marking,Beja,,,Hudson 1976b
bma,Both the A and P arguments,Verbal Person Marking,Berber (Middle Atlas),,,Penchoen 1973b
ber,Both the A and P arguments,Verbal Person Marking,Berta,,,Triulzi et al. 1976a
bln,Both the A and P arguments,Verbal Person Marking,Bilin,,,Hetzron 1976
brr,Both the A and P arguments,Verbal Person Marking,Bororo,,,Crowell 1979
brh,Only the A argument,Verbal Person Marking,Brahui,,,Andronov 1980
bri,No person marking,Verbal Person Marking,Bribri,,,Constenla Umaña et al. 1979
bro,No person marking,Verbal Person Marking,Broken,,,Shnukal 1988
brm,No person marking,Verbal Person Marking,Burmese,,,Okell 1969
brn,Only the A argument,Verbal Person Marking,Burunge,,,Kiessling 1994
bur,Both the A and P arguments,Verbal Person Marking,Burushaski,,,Tiffou and Pesot 1989
bya,Only the A argument,Verbal Person Marking,Byansi,,,Trivedi 1991
cah,Both the A and P arguments,Verbal Person Marking,Cahuilla,,,Seiler 1977
cax,Both the A and P arguments,Verbal Person Marking,Campa (Axininca),,,Payne 1981
can,Both the A and P arguments,Verbal Person Marking,Candoshi,,,Anderson and Wise 1963
ckr,Only the P argument,Verbal Person Marking,Canela-Krahô,,,Popjes and Popjes 1986
cap,Only the A argument,Verbal Person Marking,Capanahua,,,Lous 1969
car,Both the A and P arguments,Verbal Person Marking,Carib,,,Hoff 1968
cav,Only the P argument,Verbal Person Marking,Cavineña,,,Camp 1985
cyv,Both the A and P arguments,Verbal Person Marking,Cayuvava,,,Key 1967
cbo,Both the A and P arguments,Verbal Person Marking,Chácobo,,,Prost 1962
cha,Only the A argument,Verbal Person Marking,Chamorro,,,Topping 1973
cpn,A or P argument,Verbal Person Marking,Chepang,,,Caughley 1982
cle,Only the A argument,Verbal Person Marking,Chinantec (Lealao),,,Rupp 1989
cku,Both the A and P arguments,Verbal Person Marking,Chinook (Upper),,,Silverstein 1976;Boas 1911b
chr,No person marking,Verbal Person Marking,Chrau,,,Thomas 1971
chk,Both the A and P arguments,Verbal Person Marking,Chukchi,,,Dunn 1999
cba,Both the A and P arguments,Verbal Person Marking,Chumash (Barbareño),,,Wash 2001
cmn,Both the A and P arguments,Verbal Person Marking,Comanche,,,Wistrand-Robinson and Armagost 1990
cmx,Both the A and P arguments,Verbal Person Marking,Comox,,,Harris 1981b
coo,Both the A and P arguments,Verbal Person Marking,Coos (Hanis),,,Frachtenberg 1922a
cop,Only the A argument,Verbal Person Marking,Coptic,,,Layton 2000
cor,Both the A and P arguments,Verbal Person Marking,Cora,,,Casad 1984
cre,Both the A and P arguments,Verbal Person Marking,Cree (Plains),,,Wolfart 1973
cri,Only the A argument,Verbal Person Marking,Crimean Tatar,,,Jankowski 1992
cub,Only the A argument,Verbal Person Marking,Cubeo,,,Morse and Maxwell 1999b
dag,Both the A and P arguments,Verbal Person Marking,Daga,,,Murane 1974
dga,No person marking,Verbal Person Marking,Dagaare,,,Bodomo 1997
dgr,Only the A argument,Verbal Person Marking,Dagur,,,Wu 1996
dni,Both the A and P arguments,Verbal Person Marking,Dani (Lower Grand Valley),,,Bromley 1981
dio,Both the A and P arguments,Verbal Person Marking,Diola-Fogny,,,Sapir 1965
diz,Only the A argument,Verbal Person Marking,Dizi,,,Allan 1976b
doy,Both the A and P arguments,Verbal Person Marking,Doyayo,,,Wiering 1994
dre,No person marking,Verbal Person Marking,Drehu,,,Tryon 1967a
dum,Only the A argument,Verbal Person Marking,Dumo,,,Ross 1980
dut,Only the A argument,Verbal Person Marking,Dutch,,,Donaldson 1997b
eka,Both the A and P arguments,Verbal Person Marking,Ekari,,,Doble 1987
eng,Only the A argument,Verbal Person Marking,English,,,Quirk et al. 1972
epe,No person marking,Verbal Person Marking,Epena Pedee,,,Harms 1994
err,Both the A and P arguments,Verbal Person Marking,Erromangan,,,Crowley 1998a
eve,Only the A argument,Verbal Person Marking,Evenki,,,Nedjalkov 1997
ewe,Both the A and P arguments,Verbal Person Marking,Ewe,,,Westermann 1907
fij,Both the A and P arguments,Verbal Person Marking,Fijian,,,Dixon 1988
fin,Only the A argument,Verbal Person Marking,Finnish,,,Sulkala and Karjalainen 1992
fre,Only the A argument,Verbal Person Marking,French,,,Harris 1988
fua,Both the A and P arguments,Verbal Person Marking,Fula (Cameroonian),,,Arnott 1970
fur,Only the A argument,Verbal Person Marking,Fur,,,Jakobi 1990
gar,No person marking,Verbal Person Marking,Garo,,,Burling 1961
geo,Both the A and P arguments,Verbal Person Marking,Georgian,,,Hewitt 1995
ger,Only the A argument,Verbal Person Marking,German,,,Borgert and Nyhan 1975
god,No person marking,Verbal Person Marking,Godoberi,,,Kibrik 1996
goo,Both the A and P arguments,Verbal Person Marking,Gooniyandi,,,McGregor 1990
grb,No person marking,Verbal Person Marking,Grebo,,,Innes 1966
grk,Both the A and P arguments,Verbal Person Marking,Greek (Modern),,,Mackridge 1985
grw,Both the A and P arguments,Verbal Person Marking,Greenlandic (West),,,Fortescue 1984
gua,Both the A and P arguments,Verbal Person Marking,Guaraní,,,Gregores and Suarez 1967
gud,No person marking,Verbal Person Marking,Gude,,,Hoskison 1983
gmw,Both the A and P arguments,Verbal Person Marking,Gumawana,,,Olson 1992
guu,No person marking,Verbal Person Marking,Guugu Yimidhirr,,,Haviland 1979
hai,No person marking,Verbal Person Marking,Haida,,,Swanton 1911b
hlu,Both the A and P arguments,Verbal Person Marking,Halkomelem (Upriver),,,Galloway 1993
hmr,No person marking,Verbal Person Marking,Hamer,,,Lydall 1976
ham,Both the A and P arguments,Verbal Person Marking,Hamtai,,,Oates and Oates 1968
hat,Only the A argument,Verbal Person Marking,Hatam,,,Reesink 1999
hau,No person marking,Verbal Person Marking,Hausa,,,Robinson 1942
heb,Only the A argument,Verbal Person Marking,Hebrew (Modern),,,Glinert 1989
hin,Only the A argument,Verbal Person Marking,Hindi,,,McGregor 1977
hix,Both the A and P arguments,Verbal Person Marking,Hixkaryana,,,Derbyshire 1979
hmo,No person marking,Verbal Person Marking,Hmong Njua,,,Harriehausen 1990
hua,Both the A and P arguments,Verbal Person Marking,Hua,,,Haiman 1980
hmu,Only the A argument,Verbal Person Marking,Huitoto (Muinane),,,Minor et al. 1982
hun,Both the A and P arguments,Verbal Person Marking,Hungarian,,,Kenesei et al. 1998
hzb,Only the A argument,Verbal Person Marking,Hunzib,,,van den Berg 1995
igb,No person marking,Verbal Person Marking,Igbo,,,Carrell 1970
ijo,Only the P argument,Verbal Person Marking,Ijo (Kolokuma),,,Williamson 1965
ika,Both the A and P arguments,Verbal Person Marking,Ika,,,Frank 1990
imo,No person marking,Verbal Person Marking,Imonda,,,Seiler 1985
ind,Only the P argument,Verbal Person Marking,Indonesian,,,Sneddon 1996b
ing,No person marking,Verbal Person Marking,Ingush,,,Nichols 1994b
iqu,A or P argument,Verbal Person Marking,Iquito,,,Eastman and Eastman 1963
irq,Only the A argument,Verbal Person Marking,Iraqw,,,Nordbustad 1988
iri,Only the A argument,Verbal Person Marking,Irish,,,MacEoin 1993
ita,Only the A argument,Verbal Person Marking,Italian,,,Lepschy and Lepschy 1988
jak,Both the A and P arguments,Verbal Person Marking,Jakaltek,,,Craig 1977
jpn,No person marking,Verbal Person Marking,Japanese,,,Hinds 1986
jaq,Both the A and P arguments,Verbal Person Marking,Jaqaru,,,Hardman 2000
juh,No person marking,Verbal Person Marking,Ju|'hoan,,,Snyman 1970
jur,Only the A argument,Verbal Person Marking,Jurchen,,,Hang et al. 1989
kgu,A or P argument,Verbal Person Marking,Kalkatungu,,,Blake 1969
knd,Only the A argument,Verbal Person Marking,Kannada,,,Sridhar 1990
knr,Both the A and P arguments,Verbal Person Marking,Kanuri,,,Hutchison 1976
kpm,Both the A and P arguments,Verbal Person Marking,Kapampangan,,,Mithun 1994
kna,Only the P argument,Verbal Person Marking,Karitiâna,,,Storto 1999
krk,Both the A and P arguments,Verbal Person Marking,Karok,,,Mithun 1999
kas,Both the A and P arguments,Verbal Person Marking,Kashmiri,,,Wali and Koul 1997
ktl,Both the A and P arguments,Verbal Person Marking,Katla,,,Tucker and Bryan 1956
kws,Both the A and P arguments,Verbal Person Marking,Kawaiisu,,,Zigmond et al. 1990-1991
kyl,No person marking,Verbal Person Marking,Kayah Li (Eastern),,,Solnit 1997
kay,No person marking,Verbal Person Marking,Kayardild,,,Evans 1995
ker,Only the P argument,Verbal Person Marking,Kera,,,Ebert 1979
ket,Both the A and P arguments,Verbal Person Marking,Ket,,,Werner 1997a
kew,Only the A argument,Verbal Person Marking,Kewa,,,Franklin 1971
kha,No person marking,Verbal Person Marking,Khalkha,,,Poppe 1970
khs,Only the A argument,Verbal Person Marking,Khasi,,,Rabel 1961
khm,No person marking,Verbal Person Marking,Khmer,,,Jacob 1968
kmu,No person marking,Verbal Person Marking,Khmu',,,Premsrirat 1987
kho,Only the P argument,Verbal Person Marking,Khoekhoe,,,Hagman 1977
klv,Both the A and P arguments,Verbal Person Marking,Kilivila,,,Senft 1986
kio,A or P argument,Verbal Person Marking,Kiowa,,,Watkins 1984
krb,Both the A and P arguments,Verbal Person Marking,Kiribati,,,Groves et al. 1985
kis,Only the P argument,Verbal Person Marking,Kisi,,,Childs 1995
koa,Both the A and P arguments,Verbal Person Marking,Koasati,,,Kimball 1991
kob,Only the A argument,Verbal Person Marking,Kobon,,,Davies 1981b
klk,No person marking,Verbal Person Marking,Koh (Lakka),,,Glidden 1985
kom,Both the A and P arguments,Verbal Person Marking,Komo,,,Tucker and Bryan 1956
kon,Both the A and P arguments,Verbal Person Marking,Kongo,,,Carter 1973
kjo,Both the A and P arguments,Verbal Person Marking,Konjo,,,Friberg 1996
kor,No person marking,Verbal Person Marking,Korean,,,Sohn 1994
kfe,Both the A and P arguments,Verbal Person Marking,Koromfe,,,Rennison 1997
kos,Both the A and P arguments,Verbal Person Marking,Kosraean,,,Lee 1975
kse,No person marking,Verbal Person Marking,Koyraboro Senni,,,Heath 1999a
kch,No person marking,Verbal Person Marking,Koyra Chiini,,,Heath 1999b
kro,No person marking,Verbal Person Marking,Krongo,,,Reh 1985
kuk,No person marking,Verbal Person Marking,Kukú,,,Cohen 2000
knm,Both the A and P arguments,Verbal Person Marking,Kunama,,,Bender 1996
krd,Both the A and P arguments,Verbal Person Marking,Kurdish (Central),,,Fattah 1997
kut,Both the A and P arguments,Verbal Person Marking,Kutenai,,,Garvin 1948c
kwz,Both the A and P arguments,Verbal Person Marking,Kwaza,,,van der Voort 2000
lad,No person marking,Verbal Person Marking,Ladakhi,,,Koshal 1979
lah,No person marking,Verbal Person Marking,Lahu,,,Matisoff 1973
lak,Only the P argument,Verbal Person Marking,Lak,,,Zhirkov 1955
lkt,Both the A and P arguments,Verbal Person Marking,Lakhota,,,Buechel 1939
lan,Both the A and P arguments,Verbal Person Marking,Lango,,,Noonan 1992
lrk,Both the A and P arguments,Verbal Person Marking,Larike,,,Laidig 1993
lat,Only the A argument,Verbal Person Marking,Latvian,,,Nau 1998
lav,Both the A and P arguments,Verbal Person Marking,Lavukaleve,,,Terrill 1999
lel,Both the A and P arguments,Verbal Person Marking,Lele,,,Frajzyngier 2001
lep,No person marking,Verbal Person Marking,Lepcha,,,Mainwaring 1876
lez,No person marking,Verbal Person Marking,Lezgian,,,Haspelmath 1993
lim,Both the A and P arguments,Verbal Person Marking,Limbu,,,van Driem 1987
kkv,Both the A and P arguments,Verbal Person Marking,Lusi,,,Counts 1969
luv,Both the A and P arguments,Verbal Person Marking,Luvale,,,Horton 1949
mab,Both the A and P arguments,Verbal Person Marking,Maba,,,Tucker and Bryan 1966
mac,Both the A and P arguments,Verbal Person Marking,Macushi,,,Abbott 1991
mne,Only the A argument,Verbal Person Marking,Maidu (Northeast),,,Shipley 1964
msn,Both the A and P arguments,Verbal Person Marking,Maisin,,,Ross 1984
mak,Both the A and P arguments,Verbal Person Marking,Makah,,,
mal,No person marking,Verbal Person Marking,Malagasy,,,Domenichini-Ramiaramanana 1977
mlk,Both the A and P arguments,Verbal Person Marking,Malakmalak,,,Birk 1976
mnd,No person marking,Verbal Person Marking,Mandarin,,,Li and Thompson 1981
myi,Both the A and P arguments,Verbal Person Marking,Mangarrayi,,,Merlan 1982
mao,No person marking,Verbal Person Marking,Maori,,,Bauer 1993
map,Both the A and P arguments,Verbal Person Marking,Mapudungun,,,Smeets 1989
mku,Both the A and P arguments,Verbal Person Marking,Maranungku,,,Tryon 1970b
mar,Both the A and P arguments,Verbal Person Marking,Maricopa,,,Gordon 1986
mrd,Both the A and P arguments,Verbal Person Marking,Marind,,,Drabbe 1955
mrt,No person marking,Verbal Person Marking,Martuthunira,,,Dench 1995
msl,Both the A and P arguments,Verbal Person Marking,Masalit,,,Edgar 1989
mau,Both the A and P arguments,Verbal Person Marking,Maung,,,Capell and Hinch 1970
mcr,No person marking,Verbal Person Marking,Mauritian Creole,,,Baker 1972
may,Only the A argument,Verbal Person Marking,Maybrat,,,Dol 1999
mby,Both the A and P arguments,Verbal Person Marking,Mbay,,,Keegan 1997
mei,No person marking,Verbal Person Marking,Meithei,,,Bhat and Ningomba 1997
mde,No person marking,Verbal Person Marking,Mende,,,Innes 1971
mis,Only the A argument,Verbal Person Marking,Miskito,,,Adam 1891
mss,Both the A and P arguments,Verbal Person Marking,Miwok (Southern Sierra),,,Broadbent 1964
mxc,Only the A argument,Verbal Person Marking,Mixtec (Chalcatongo),,,Macaulay 1996
miz,Both the A and P arguments,Verbal Person Marking,Mizo,,,Murthy and Subbarao 2000
mlm,No person marking,Verbal Person Marking,Mlabri (Minor),,,Rischel 1995
moh,Both the A and P arguments,Verbal Person Marking,Mohawk,,,Bonvillain 1973
moa,Both the A and P arguments,Verbal Person Marking,Mono-Alu,,,Fagan 1986
mum,No person marking,Verbal Person Marking,Mumuye,,,Shimizu 1983
mna,Both the A and P arguments,Verbal Person Marking,Muna,,,van den Berg 1989b
mun,Both the A and P arguments,Verbal Person Marking,Mundari,,,Cook 1965
mup,Only the P argument,Verbal Person Marking,Mupun,,,Frajzyngier 1993
mrl,Both the A and P arguments,Verbal Person Marking,Murle,,,Arensen 1982
nad,Only the A argument,Verbal Person Marking,Nadëb,,,Martins and Martins 1999
nht,Both the A and P arguments,Verbal Person Marking,Nahuatl (Tetelcingo),,,Tuggy 1979
nak,Only the P argument,Verbal Person Marking,Nakanai,,,Johnston 1980
nmb,Both the A and P arguments,Verbal Person Marking,Nambikuára (Southern),,,Lowe 1999
nan,Both the A and P arguments,Verbal Person Marking,Nandi,,,Creider 1989
nas,Both the A and P arguments,Verbal Person Marking,Nasioi,,,Hurd and Hurd 1970
nav,Both the A and P arguments,Verbal Person Marking,Navajo,,,Young and Morgan 1987
ndo,Both the A and P arguments,Verbal Person Marking,Ndonga,,,Fivaz 1986
ndy,No person marking,Verbal Person Marking,Ndyuka,,,Huttar and Huttar 1994
nen,Only the A argument,Verbal Person Marking,Nenets,,,Collinder 1957
nez,Both the A and P arguments,Verbal Person Marking,Nez Perce,,,Rude 1982
nbr,No person marking,Verbal Person Marking,Ngäbere,,,Alphonse 1956
ngl,Both the A and P arguments,Verbal Person Marking,Ngalakan,,,Merlan 1983
ngk,Both the A and P arguments,Verbal Person Marking,Ngankikurungkurr,,,Hoddinott and Kofod 1988
nti,Both the A and P arguments,Verbal Person Marking,Ngiti,,,Kutsch Lojenga 1994
ngi,Both the A and P arguments,Verbal Person Marking,Ngiyambaa,,,Donaldson 1980
niv,No person marking,Verbal Person Marking,Nivkh,,,Gruzdeva 1998
nko,Both the A and P arguments,Verbal Person Marking,Nkore-Kiga,,,Taylor 1985
noo,Only the P argument,Verbal Person Marking,Noon,,,Soukka 2000
nbd,Only the A argument,Verbal Person Marking,Nubian (Dongolese),,,Armbruster 1960
nug,Both the A and P arguments,Verbal Person Marking,Nunggubuyu,,,Heath 1984
nup,No person marking,Verbal Person Marking,Nupe,,,Smith 1967a
nuu,Only the A argument,Verbal Person Marking,Nuuchahnulth,,,Nahayama 1997
nyu,Both the A and P arguments,Verbal Person Marking,Nyulnyul,,,McGregor 1996
ond,Both the A and P arguments,Verbal Person Marking,Oneida,,,Lounsbury 1953
orh,Only the A argument,Verbal Person Marking,Oromo (Harar),,,Owens 1985
oss,Both the A and P arguments,Verbal Person Marking,Ossetic,,,Abaev 1964
otm,Both the A and P arguments,Verbal Person Marking,Otomí (Mezquital),,,Hess 1968
pms,Both the A and P arguments,Verbal Person Marking,Paamese,,,Crowley 1982
pai,No person marking,Verbal Person Marking,Paiwan,,,Egli 1990
pal,Both the A and P arguments,Verbal Person Marking,Palauan,,,Georgopoulos 1991
plk,Only the P argument,Verbal Person Marking,Palikur,,,Green and Green 1972
pny,Only the P argument,Verbal Person Marking,Panyjima,,,Dench 1991
par,Both the A and P arguments,Verbal Person Marking,Päri,,,Andersen 1988
psm,Both the A and P arguments,Verbal Person Marking,Passamaquoddy-Maliseet,,,Leavitt 1996
pau,Only the A argument,Verbal Person Marking,Paumarí,,,Chapman and Derbyshire 1991
pec,Both the A and P arguments,Verbal Person Marking,Pech,,,Holt 1999b
prs,Both the A and P arguments,Verbal Person Marking,Persian,,,Mahootian 1997
pip,Both the A and P arguments,Verbal Person Marking,Pipil,,,Campbell 1985
prh,Both the A and P arguments,Verbal Person Marking,Pirahã,,,Everett 1986
pit,Both the A and P arguments,Verbal Person Marking,Pitjantjatjara,,,Eckert and Hudson 1988
pol,Only the A argument,Verbal Person Marking,Polish,,,Szober 1957
pso,No person marking,Verbal Person Marking,Pomo (Southeastern),,,Moshinsky 1974
psj,Both the A and P arguments,Verbal Person Marking,Popoloca (San Juan Atzingo),,,Kalstrom Dolson et al. 1995
pur,Both the A and P arguments,Verbal Person Marking,Purépecha,,,Foster 1969
qaw,No person marking,Verbal Person Marking,Qawasqar,,,Clairis 1985
qim,Both the A and P arguments,Verbal Person Marking,Quechua (Imbabura),,,Cole 1982
qui,Both the A and P arguments,Verbal Person Marking,Quileute,,,Andrade 1933
ram,Only the A argument,Verbal Person Marking,Rama,,,Grinevald n.d.
rap,No person marking,Verbal Person Marking,Rapanui,,,Du Feu 1996
rem,Only the A argument,Verbal Person Marking,Remo,,,Fernandez 1967
ret,Both the A and P arguments,Verbal Person Marking,Retuarã,,,Strom 1992
rus,Only the A argument,Verbal Person Marking,Russian,,,Wade 1992
sah,Both the A and P arguments,Verbal Person Marking,Sahu,,,Visser and Voorhoeve 1987
sal,Both the A and P arguments,Verbal Person Marking,Salinan,,,Turner 1987
syu,Only the A argument,Verbal Person Marking,Salt-Yui,,,Irwin 1974
sam,No person marking,Verbal Person Marking,Samoan,,,Mosel and Hovdhaugen 1992
san,No person marking,Verbal Person Marking,Sango,,,Samarin 1967b
snm,No person marking,Verbal Person Marking,Sanuma,,,Borgman 1990
srm,No person marking,Verbal Person Marking,Saramaccan,,,Byrne 1987
saw,No person marking,Verbal Person Marking,Sawu,,,Walker 1982
slp,Both the A and P arguments,Verbal Person Marking,Selepet,,,McElhanon 1972
sel,Only the P argument,Verbal Person Marking,Selknam,,,Najlis 1973
sem,Only the P argument,Verbal Person Marking,Sema,,,Sreedhar 1980
sml,Only the A argument,Verbal Person Marking,Semelai,,,Kruspe 2004
snt,Both the A and P arguments,Verbal Person Marking,Sentani,,,Cowan 1965
shk,No person marking,Verbal Person Marking,Shipibo-Konibo,,,Valenzuela 1997
siu,Both the A and P arguments,Verbal Person Marking,Siuslaw,,,Frachtenberg 1922b
sla,Both the A and P arguments,Verbal Person Marking,Slave,,,Rice 1989
so,Only the A argument,Verbal Person Marking,So,,,Carlin 1993
spa,Both the A and P arguments,Verbal Person Marking,Spanish,,,Green 1988
squ,Both the A and P arguments,Verbal Person Marking,Squamish,,,Kuipers 1967
sue,Only the A argument,Verbal Person Marking,Suena,,,Wilson 1974
sun,No person marking,Verbal Person Marking,Sundanese,,,Hardjadibrata 1985
sup,No person marking,Verbal Person Marking,Supyire,,,Carlson 1994
swa,Both the A and P arguments,Verbal Person Marking,Swahili,,,Ashton 1947
tab,Only the A argument,Verbal Person Marking,Taba,,,Bowden 1997a
tag,No person marking,Verbal Person Marking,Tagalog,,,Schachter and Otanes 1972
tap,Both the A and P arguments,Verbal Person Marking,Taiap,,,Kulick and Stroud 1992
tkl,Both the A and P arguments,Verbal Person Marking,Takelma,,,Sapir 1922b
tau,Both the A and P arguments,Verbal Person Marking,Tauya,,,MacDonald 1990
taw,Both the A and P arguments,Verbal Person Marking,Tawala,,,Ezard 1997
tmr,Only the A argument,Verbal Person Marking,Temiar,,,Benjamin 1976
tpn,Both the A and P arguments,Verbal Person Marking,Tepehuan (Northern),,,Bascom 1982
trb,Only the A argument,Verbal Person Marking,Teribe,,,Quesada 2000
tha,No person marking,Verbal Person Marking,Thai,,,Noss 1964
tid,Only the A argument,Verbal Person Marking,Tidore,,,van Staden 2000
tgk,Only the P argument,Verbal Person Marking,Tigak,,,Beaumont 1979
tja,Both the A and P arguments,Verbal Person Marking,Tiipay (Jamul),,,Miller 2001
tin,Only the A argument,Verbal Person Marking,Tinrin,,,Osumi 1995
tir,A or P argument,Verbal Person Marking,Tiriyo,,,Meira 1999
tiw,Both the A and P arguments,Verbal Person Marking,Tiwi,,,Osborne 1974
tli,Both the A and P arguments,Verbal Person Marking,Tlingit,,,Leer 1991b
tol,Both the A and P arguments,Verbal Person Marking,Tol,,,Holt 1999a
tla,Only the A argument,Verbal Person Marking,Tolai,,,Mosel 1984
tms,Only the A argument,Verbal Person Marking,Tommo So,,,Plungian 1995
ton,Both the A and P arguments,Verbal Person Marking,Tonkawa,,,Hoijer 1933-1938
tot,Both the A and P arguments,Verbal Person Marking,Totonac (Misantla),,,MacKay 1991
tri,Only the A argument,Verbal Person Marking,Trique (Copala),,,Hollenbach 1992
tru,Only the P argument,Verbal Person Marking,Trumai,,,Guirardello 1999a
tsi,Both the A and P arguments,Verbal Person Marking,Tsimshian (Coast),,,Boas 1911c
tso,Only the A argument,Verbal Person Marking,Tsou,,,Szakos 1994
tuk,Both the A and P arguments,Verbal Person Marking,Tukang Besi,,,Donohue 1999a
tun,Both the A and P arguments,Verbal Person Marking,Tunica,,,Swanton 1921
tna,Both the A and P arguments,Verbal Person Marking,Turkana,,,Dimmendaal 1983a
tur,Only the A argument,Verbal Person Marking,Turkish,,,Lewis 1967
tzu,Both the A and P arguments,Verbal Person Marking,Tzutujil,,,Dayley 1985
udh,Only the A argument,Verbal Person Marking,Udihe,,,Nikolaeva and Tolskaya 2001
uma,Both the A and P arguments,Verbal Person Marking,Uma,,,Martens 1988b
una,Both the A and P arguments,Verbal Person Marking,Una,,,Louwerse 1988
ung,Both the A and P arguments,Verbal Person Marking,Ungarinjin,,,Rumsey 1982
ura,Both the A and P arguments,Verbal Person Marking,Ura,,,Crowley 1999
uhi,No person marking,Verbal Person Marking,Uradhi,,,Crowley 1983
urk,Only the A argument,Verbal Person Marking,Urubú-Kaapor,,,Kakumasu 1986
usa,Both the A and P arguments,Verbal Person Marking,Usan,,,Reesink 1987
vie,No person marking,Verbal Person Marking,Vietnamese,,,Thompson 1965
wam,Both the A and P arguments,Verbal Person Marking,Wambaya,,,Nordlinger 1998
wbn,Only the A argument,Verbal Person Marking,Wambon,,,de Vries 1989
wao,Only the A argument,Verbal Person Marking,Waorani,,,Peeke 1973
wap,No person marking,Verbal Person Marking,Wappo,,,Radin 1929
wra,Only the P argument,Verbal Person Marking,Warao,,,Romero-Figueroa 1997
wrd,Both the A and P arguments,Verbal Person Marking,Wardaman,,,Merlan 1994
wrk,Both the A and P arguments,Verbal Person Marking,Warekena,,,Aikhenvald 1998
war,Both the A and P arguments,Verbal Person Marking,Wari',,,Everett and Kern 1997
was,Both the A and P arguments,Verbal Person Marking,Washo,,,Jacobsen 1964
wsk,Only the A argument,Verbal Person Marking,Waskia,,,Ross and Paol 1978
wel,Only the A argument,Verbal Person Marking,Welsh,,,King 1993a
wma,Only the A argument,Verbal Person Marking,West Makian,,,Voorhoeve 1982
wch,Both the A and P arguments,Verbal Person Marking,Wichí,,,Tovar 1981
wic,Both the A and P arguments,Verbal Person Marking,Wichita,,,Rood 1976
wik,No person marking,Verbal Person Marking,Wikchamni,,,Gamble 1978
win,Only the A argument,Verbal Person Marking,Wintu,,,Pitkin 1984
xok,No person marking,Verbal Person Marking,Xokleng,,,Urban 1985
yag,Both the A and P arguments,Verbal Person Marking,Yagua,,,Payne 1990a
yap,Only the P argument,Verbal Person Marking,Yapese,,,Jensen et al. 1977
yaq,No person marking,Verbal Person Marking,Yaqui,,,Lindenfeld 1973
yaw,Only the P argument,Verbal Person Marking,Yawa,,,Jones 1986a
yel,Both the A and P arguments,Verbal Person Marking,Yelî Dnye,,,Henderson 1995
yes,No person marking,Verbal Person Marking,Yessan-Mayo,,,Foreman 1974
yid,No person marking,Verbal Person Marking,Yidiny,,,Dixon 1977a
yim,Both the A and P arguments,Verbal Person Marking,Yimas,,,Foley 1991
yor,No person marking,Verbal Person Marking,Yoruba,,,Bamgbose 1966
yuc,Both the A and P arguments,Verbal Person Marking,Yuchi,,,Wagner 1933-1938
yko,Only the A argument,Verbal Person Marking,Yukaghir (Kolyma),,,Maslova 1999
yuk,Both the A and P arguments,Verbal Person Marking,Yukulta,,,Keen 1983
ypk,Both the A and P arguments,Verbal Person Marking,Yup'ik (Central),,,Jacobson 1995
yur,Both the A and P arguments,Verbal Person Marking,Yurok,,,Robins 1958
zan,Both the A and P arguments,Verbal Person Marking,Zande,,,Tucker and Bryan 1956
zsq,Both the A and P arguments,Verbal Person Marking,Zapotec (San Lucas Quiaviní),,,Munro and Lopez 1999
zqc,Both the A and P arguments,Verbal Person Marking,Zoque (Copainalá),,,Harrison et al. 1981
zul,Both the A and P arguments,Verbal Person Marking,Zulu,,,Ziervogel et al. 1967
zun,No person marking,Verbal Person Marking,Zuni,,,Bunzel 1933-1938